Delivery,Bid,Ask,Last,Time,+/-,On Vol,Off Vol,Tot Vol,Open,High,Low,Settl.,O.I,Product,ProductCode,Date
2027,-6.15,-6.00,-,-,0.00,-,1,1,-,-,-,-6.05,904,HLBY,HLBY-27,2026-10-02
2028,2.00,3.25,-,-,0.00,-,-,-,-,-,-,2.89,406,HLBY,HLBY-28,2026-10-02
2029,2.22,4.25,-,-,0.00,-,-,-,-,-,-,3.73,120,HLBY,HLBY-29,2026-10-02
2030,1.12,4.12,-,-,0.00,-,-,-,-,-,-,2.63,61,HLBY,HLBY-30,2026-10-02
Q1 2027,-7.25,-5.75,-5.75,13:22,0.00,3,1,4,-5.75,-5.75,-5.75,-5.75,285,HLBQ,HLBQ1-27,2026-10-02
Q2 2027,-8.50,-5.93,-,-,0.00,-,-,-,-,-,-,-7.50,33,HLBQ,HLBQ2-27,2026-10-02
Q3 2027,-7.50,-6.00,-,-,0.00,-,-,-,-,-,-,-6.84,39,HLBQ,HLBQ3-27,2026-10-02
Q4 2027,-7.67,-4.67,-,-,0.00,-,-,-,-,-,-,-6.12,0,HLBQ,HLBQ4-27,2026-10-02
Oct 2026,-37.00,-30.00,-33.00,13:52,-6.00,60,-,60,-29.00,-29.00,-33.00,-27.00,"1,126",HLBM,HLBMOCT-26,2026-10-02
Nov 2026,-25.25,-23.75,-,-,0.00,-,-,-,-,-,-,-24.25,"1,162",HLBM,HLBMNOV-26,2026-10-02
Dec 2026,-24.00,-21.71,-,-,0.00,-,6,6,-,-,-,-23.00,"1,157",HLBM,HLBMDEC-26,2026-10-02
Jan 2027,-5.25,-2.65,-,-,0.00,-,-,-,-,-,-,-4.46,6,HLBM,HLBMJAN-27,2026-10-02
2027,68.25,68.75,-,-,0.00,-,6,6,-,-,-,68.70,"4,881",NSBY,NSBY-27,2026-10-02
2028,53.00,53.70,-,-,0.00,-,-,-,-,-,-,53.65,"2,255",NSBY,NSBY-28,2026-10-02
2029,49.90,50.45,-,-,0.00,-,-,-,-,-,-,50.00,989,NSBY,NSBY-29,2026-10-02
2030,50.19,53.19,-,-,0.00,-,-,-,-,-,-,51.59,371,NSBY,NSBY-30,2026-10-02
2031,50.66,53.66,-,-,0.00,-,-,-,-,-,-,51.99,188,NSBY,NSBY-31,2026-10-02
2032,-,-,-,-,0.00,-,-,-,-,-,-,52.00,53,NSBY,NSBY-32,2026-10-02
2033,-,-,-,-,0.00,-,-,-,-,-,-,52.25,1,NSBY,NSBY-33,2026-10-02
2034,-,-,-,-,0.00,-,-,-,-,-,-,52.50,1,NSBY,NSBY-34,2026-10-02
2035,-,-,-,-,0.00,-,-,-,-,-,-,52.75,0,NSBY,NSBY-35,2026-10-02
2036,-,-,-,-,0.00,-,-,-,-,-,-,53.00,0,NSBY,NSBY-36,2026-10-02
Q1 2027,-,-,115.85,15:59,-0.45,67,3,70,114.55,115.85,114.50,115.85,"2,662",NSBQ,NSBQ1-27,2026-10-02
Q2 2027,-,-,56.10,15:59,-0.10,8,-,8,55.56,56.10,55.56,56.10,937,NSBQ,NSBQ2-27,2026-10-02
Q3 2027,-,-,40.20,15:59,0.20,13,-,13,39.70,40.20,39.70,40.20,889,NSBQ,NSBQ3-27,2026-10-02
Q4 2027,-,-,63.85,15:55,0.15,8,-,8,63.95,63.95,63.85,63.85,786,NSBQ,NSBQ4-27,2026-10-02
Q1 2028,82.12,83.10,-,-,0.00,-,-,-,-,-,-,82.90,396,NSBQ,NSBQ1-28,2026-10-02
Q2 2028,-,-,-,-,0.00,-,-,-,-,-,-,42.41,108,NSBQ,NSBQ2-28,2026-10-02
Q3 2028,-,-,-,-,0.00,-,1,1,-,-,-,30.40,106,NSBQ,NSBQ3-28,2026-10-02
Q4 2028,-,-,59.35,13:05,0.08,4,-,4,60.77,60.77,59.35,59.35,151,NSBQ,NSBQ4-28,2026-10-02
Oct 2026,98.55,102.25,-,-,0.00,-,-,-,-,-,-,103.00,"5,518",NSBM,NSBMOCT-26,2026-10-02
Nov 2026,111.43,112.70,112.50,13:52,-1.23,61,-,61,112.00,112.70,111.70,113.73,"5,970",NSBM,NSBMNOV-26,2026-10-02
Dec 2026,110.91,112.00,112.00,13:30,-1.27,76,15,91,111.50,112.00,111.50,113.27,"5,876",NSBM,NSBMDEC-26,2026-10-02
Jan 2027,125.75,127.50,126.00,09:18,-1.71,1,-,1,126.00,126.00,126.00,127.71,186,NSBM,NSBMJAN-27,2026-10-02
Feb 2027,126.55,129.00,-,-,0.00,-,20,20,-,-,-,129.14,111,NSBM,NSBMFEB-27,2026-10-02
Mar 2027,90.43,95.25,-,-,0.00,-,-,-,-,-,-,93.00,126,NSBM,NSBMMAR-27,2026-10-02
Apr 2027,73.00,77.04,-,-,0.00,-,-,-,-,-,-,74.50,9,NSBM,NSBMAPR-27,2026-10-02
